abc,3d5cec06-bd15-31fa-982f-5dac8c06f1c7
forkposix,bce80227-29e8-3600-a697-ee7de1f0df29
jaredflasch,14d2e027-dff3-3447-ae4b-3487f421b585
kurophuna,113b4e35-d517-32b4-9d3d-f20a2260a74d
pork31,ab8b69c1-4c88-3dd7-a9fa-35301c143261
agent77,c75f31a1-1d96-31b3-941b-e4e3be2a719b
onur,933f18c5-efe3-3873-b026-26c1f713946d
ripsivis,79b4c372-38c8-3873-b6af-a6e1f318c65d
justdreamings,ceea51b6-c319-3df9-8d4b-e5f689a671d3
keriz31,0635ce7b-6310-3bd7-af3b-15c61500c6c3
clousry,a27c4575-611d-3fc8-b2b7-98673b567a48
rcviolet,ef9a5207-c7d2-3ebf-8004-8af3e9de95ea
agalar31,48fa0e7a-8476-3bcc-a468-50c561486684
napim,33fe3792-99f6-3593-a4bf-a9b95871ebe2
jillkircheis,2b71dc7e-09e8-38a0-b1cc-fa90e30f6312
dannibcxd,38738eae-9aba-3c44-aba6-f66ddbfba4a2
thedooptr,2a801fb4-3419-3126-820c-c562db684593
caticer,193e311b-b3a8-365a-b052-1c7d64fe06cb
ufo,bbef4fb1-5436-3386-bd17-a769f3ab82fd
